<soapenv:Envelope xmlns:v1="http://capabilities.nat.bt.com/xsd/SCMPAL/AbstractContainer/V1.0" xmlns:v3="http://capabilities.nat.bt.com/xsd/EDM/EMP/Item/V3.2" xmlns:soapenv="http://schemas.xmlsoap.org/soap/envelope/">
   <soapenv:Header>
      <v3:ItemRequestHeader>
         <v3:CustomerId>DAISY</v3:CustomerId>
      </v3:ItemRequestHeader>
   </soapenv:Header>
   <soapenv:Body>
      <v3:ItemRequest>
         <v3:ItemElement>
            <v3:ActionType>ADD</v3:ActionType>
            <v3:CustomerItemNumber>12346</v3:CustomerItemNumber>
            <!--Optional:-->
            <v3:BTItemNumber>123456</v3:BTItemNumber>
            <v3:ItemName>CISCO 2951 W/3 GE 4 EHWIC 3 CF-E2E08Feb18</v3:ItemName>
            <!--Optional:-->
            <v3:ItemDesc>Description</v3:ItemDesc>
            <v3:CustomerBusinessDivision>BRKFX</v3:CustomerBusinessDivision>
            <!--Optional:-->
            <v3:ItemClass>Monitor</v3:ItemClass>
            <!--Optional:-->
            <v3:ProductGroupCode>P</v3:ProductGroupCode>
            <v3:ItemUnitOfMeasure>EACH</v3:ItemUnitOfMeasure>
            <!--Optional:-->
            <v3:SafetyAndRegulatoryFactors>Y</v3:SafetyAndRegulatoryFactors>
            <v3:LifecycleStatus>ISSUABLE</v3:LifecycleStatus>
            <!--Optional:-->
            <v3:PrimeSupplierID>123519</v3:PrimeSupplierID>
            <v3:SerialNumberRequiredFlag>Y</v3:SerialNumberRequiredFlag>
            <!--Optional:-->
            <v3:SerialTraceLevel>O</v3:SerialTraceLevel>
            <!--Optional:-->
            <v3:ManufacturerName>Dell</v3:ManufacturerName>
            <!--Optional:-->
            <v3:ManufacturerPartNumber>Laptop</v3:ManufacturerPartNumber>
            <v3:ContainsLithiumBatteries>Y</v3:ContainsLithiumBatteries>
            <v3:RepairOrScrapIndicator>N</v3:RepairOrScrapIndicator>
            <v3:Consumable>Y</v3:Consumable>
            <v3:Returnable>N</v3:Returnable>
            <!--Optional:-->
            <v3:SpecialHandling>N</v3:SpecialHandling>
            <!--Optional:-->
            <v3:SpecialHandlingInstructions>ABCDEFGH</v3:SpecialHandlingInstructions>
            <!--Optional:-->
            <v3:RepairAvoidance>Y</v3:RepairAvoidance>
            <!--Optional:-->
            <v3:CustomerOwned>Y</v3:CustomerOwned>
            <!--Optional:-->
            <v3:GenericAttribute1>Y</v3:GenericAttribute1>
            <!--Optional:-->
            <v3:GenericAttribute2>Y</v3:GenericAttribute2>
            <!--Optional:-->
            <v3:GenericAttribute3>Y</v3:GenericAttribute3>
            <!--Optional:-->
            <v3:GenericAttribute4>Y</v3:GenericAttribute4>
            <!--Optional:-->
            <v3:GenericAttribute5>Y</v3:GenericAttribute5>
            <!--Optional:-->
            <v3:GenericFlag1>Y</v3:GenericFlag1>
            <!--Optional:-->
            <v3:GenericFlag2>Y</v3:GenericFlag2>
            <!--Optional:-->
            <v3:GenericFlag3>Y</v3:GenericFlag3>
            <!--Optional:-->
            <v3:GenericFlag4>Y</v3:GenericFlag4>
            <!--Optional:-->
            <v3:GenericFlag5>Y</v3:GenericFlag5>
         </v3:ItemElement>
      </v3:ItemRequest>
   </soapenv:Body>
</soapenv:Envelope>